{"cameraMode":{"drawMode":0,"name":"Shaded","section":"Shading Mode"},"sceneLighting":true,"audioPlay":false,"sceneViewState":{"showFog":true,"showMaterialUpdate":false,"showSkybox":true,"showFlares":true,"showImageEffects":true,"showParticleSystems":true},"in2DMode":false,"pivot":{"x":-9.812383651733399,"y":9.28773307800293,"z":-1.1610050201416016},"rotation":{"x":0.05679192766547203,"y":-0.07868842035531998,"z":0.004490106366574764,"w":0.9952701926231384},"size":31.919448852539064,"orthographic":false}