{"cameraMode":{"drawMode":0,"name":"Shaded","section":"Shading Mode"},"sceneLighting":true,"audioPlay":false,"sceneViewState":{"showFog":true,"showMaterialUpdate":false,"showSkybox":true,"showFlares":true,"showImageEffects":true,"showParticleSystems":true},"in2DMode":false,"pivot":{"x":-16.896873474121095,"y":0.6470766067504883,"z":12.2267484664917},"rotation":{"x":-0.286592036485672,"y":0.16984955966472627,"z":-0.051704514771699908,"w":-0.9414591789245606},"size":18.493328094482423,"orthographic":false}